{
	"h1":"dialog.js поможет вам, быстро и легко создавать всплывающее подсказки.",
	"img1":"Граф Лев Николаевич Толстой.<br>Русский писатель и мыслитель.<br>Один из величайших<br>писателей-романистов мира.",
	"img2":"Александр Сергеевич Пушкин.<br>Русский поэт, драматург, прозаик.<br>Один из самых авторитетных <br>литературных деятелей XIX века.",
	"img3":"Иван Сергеевич Тургенев.<br>Русский писатель-реалист, поэт,<br>публицист, драматург, переводчик.<br>Классик русской литературы",
	"img4":"Антон Павлович Чехов.<br>Русский писатель, прозаик,<br>драматург.<br>Классик мировой литературы.",
	"portfolio":"Dhunga - URL - Portfolio"
}